<?xml version="1.0" encoding="UTF-8"?>

<mule xmlns:validation="http://www.mulesoft.org/schema/mule/validation" xmlns:db="http://www.mulesoft.org/schema/mule/db" xmlns:json="http://www.mulesoft.org/schema/mule/json" xmlns:http="http://www.mulesoft.org/schema/mule/http" xmlns="http://www.mulesoft.org/schema/mule/core" xmlns:doc="http://www.mulesoft.org/schema/mule/documentation"
	xmlns:spring="http://www.springframework.org/schema/beans" 
	xmlns:xsi="http://www.w3.org/2001/XMLSchema-instance"
	xsi:schemaLocation="http://www.springframework.org/schema/beans http://www.springframework.org/schema/beans/spring-beans-current.xsd
http://www.mulesoft.org/schema/mule/core http://www.mulesoft.org/schema/mule/core/current/mule.xsd
http://www.mulesoft.org/schema/mule/db http://www.mulesoft.org/schema/mule/db/current/mule-db.xsd
http://www.mulesoft.org/schema/mule/json http://www.mulesoft.org/schema/mule/json/current/mule-json.xsd
http://www.mulesoft.org/schema/mule/http http://www.mulesoft.org/schema/mule/http/current/mule-http.xsd
http://www.mulesoft.org/schema/mule/validation http://www.mulesoft.org/schema/mule/validation/current/mule-validation.xsd">
    <http:listener-config name="HTTP_Listener_Configuration" host="0.0.0.0" port="8081" doc:name="HTTP Listener Configuration"/>
    <db:mysql-config name="MySQL_Configuration" url="jdbc:mysql://localhost:3306/chat_sala_professor?user=root&amp;password=toor&amp;serverTimezone=UTC" doc:name="MySQL Configuration"/>
    <validation:config name="Validation_Configuration" doc:name="Validation Configuration"/>
    <flow name="chat-sala-professorFlow">
        <http:listener config-ref="HTTP_Listener_Configuration" path="professor/{cpf}" allowedMethods="GET" doc:name="HTTP"/>
        <validation:is-empty config-ref="Validation_Configuration" value="#[payload]" message="Por favor informe o CPF." doc:name="CPF"/>
        <logger level="INFO" doc:name="Logger" message="#[message.inboundProperties.'http.uri.params'.cpf]"/>
        <db:select config-ref="MySQL_Configuration" doc:name="Database">
            <db:parameterized-query><![CDATA[select * from chat_sala_professor.chat where cpf = #[message.inboundProperties.'http.uri.params'.cpf]]]></db:parameterized-query>
        </db:select>
        <json:object-to-json-transformer doc:name="Object to JSON"/>
    </flow>
</mule>
